household,group_type,month,total_npr,expense_count,festival_intensity,festival_npr,food_npr,transport_npr
family_1,family,2023-10,97070,35,1.0,44310,13350,4550
family_1,family,2023-11,93320,41,0.76,20550,21270,9460
family_1,family,2023-12,89200,28,0.14,5270,8370,4170
family_1,family,2024-01,129710,36,0.1231,20610,16700,2105
family_1,family,2024-02,96110,28,0.0593,7150,19330,1490
family_1,family,2024-03,98060,35,0.2176,8810,10740,2420
family_1,family,2024-04,75655,29,0.2146,12500,3990,2880
family_1,family,2024-05,81425,32,0.1167,6280,13830,2335
family_1,family,2024-06,107085,27,0.0258,0,8815,370
family_1,family,2024-07,72040,26,0.0129,0,21195,3005
family_1,family,2024-08,74220,35,0.2025,5680,12060,2070
family_1,family,2024-09,182140,30,0.2475,8490,17430,2360
family_1,family,2024-10,180870,49,1.28,112430,62530,12410
family_1,family,2024-11,95780,37,0.48,39570,9500,1590
family_1,family,2024-12,74685,28,0.14,6500,7810,4465
family_1,family,2025-01,101875,34,0.1234,27490,13085,6630
family_1,family,2025-02,93735,30,0.1086,15380,8050,1145
family_1,family,2025-03,88310,31,0.1679,2540,6540,4430
family_1,family,2025-04,94945,28,0.2746,5170,3225,2500
family_1,family,2025-05,58760,27,0.0567,6100,6420,3740
family_1,family,2025-06,69325,26,0.0258,0,6465,920
family_1,family,2025-07,108830,27,0.0129,0,36580,0
family_1,family,2025-08,126670,43,0.45,31550,16670,1190
family_1,family,2025-09,113190,34,0.6,37690,29010,8130
family_1,family,2025-10,138425,38,1.1,70330,31605,2340
family_1,family,2025-11,98370,33,0.06,22650,16165,4060
family_1,family,2025-12,83020,30,0.14,12680,7960,12290
family_1,family,2026-01,112245,33,0.1234,28210,9380,720
family_1,family,2026-02,78335,33,0.1461,18320,11725,7290
family_1,family,2026-03,74540,29,0.1304,3620,11120,2460
family_1,family,2026-04,75540,33,0.2746,10430,7660,4850
family_1,family,2026-05,174450,27,0.0567,0,5820,0
family_1,family,2026-06,77725,23,0.0258,0,15225,2155
family_1,family,2026-07,73480,25,0.0129,0,5980,7500
family_1,family,2026-08,60070,25,0.08,650,4740,2380
family_1,family,2026-09,87990,38,0.37,21710,13290,2580
family_2,family,2023-10,97275,37,1.0,41300,36355,5650
family_2,family,2023-11,109600,42,0.76,23310,8480,3710
family_2,family,2023-12,92100,34,0.14,6670,12750,8030
family_2,family,2024-01,89350,38,0.1231,16600,11750,5060
family_2,family,2024-02,64560,29,0.0593,3500,2630,3710
family_2,family,2024-03,95330,40,0.2176,8780,16220,2750
family_2,family,2024-04,112435,34,0.2146,12300,16535,3700
family_2,family,2024-05,92155,38,0.1167,7460,10055,8410
family_2,family,2024-06,118170,29,0.0258,0,8800,650
family_2,family,2024-07,70845,34,0.0129,1810,7430,4605
family_2,family,2024-08,92505,40,0.2025,8450,15245,2400
family_2,family,2024-09,92595,41,0.2475,16450,17030,490
family_2,family,2024-10,158035,56,1.28,62160,39650,7345
family_2,family,2024-11,109845,39,0.48,10670,23235,3880
family_2,family,2024-12,78930,35,0.14,2150,11065,1325
family_2,family,2025-01,132365,41,0.1234,23070,7065,2530
family_2,family,2025-02,75385,33,0.1086,630,6075,30
family_2,family,2025-03,177590,35,0.1679,4350,14960,3560
family_2,family,2025-04,170850,40,0.2746,13760,12290,425
family_2,family,2025-05,105730,34,0.0567,5390,7930,6760
family_2,family,2025-06,88735,32,0.0258,0,11165,670
family_2,family,2025-07,85240,34,0.0129,2700,8260,3290
family_2,family,2025-08,105880,46,0.45,28690,16320,2620
family_2,family,2025-09,141060,47,0.6,43300,48905,4240
family_2,family,2025-10,107240,41,1.1,28860,26890,5060
family_2,family,2025-11,117185,39,0.06,10700,5030,4955
family_2,family,2025-12,74775,34,0.14,2230,21330,485
family_2,family,2026-01,119810,40,0.1234,18940,28680,1600
family_2,family,2026-02,99290,34,0.1461,7190,5940,4220
family_2,family,2026-03,134120,35,0.1304,3330,9390,3490
family_2,family,2026-04,100945,40,0.2746,16300,10380,5565
family_2,family,2026-05,108685,37,0.0567,5300,14705,4830
family_2,family,2026-06,80090,33,0.0258,0,16020,4520
family_2,family,2026-07,119040,34,0.0129,1480,12140,600
family_2,family,2026-08,104390,40,0.08,5720,18795,2500
family_2,family,2026-09,139135,48,0.37,21410,14410,2830
family_3,family,2023-10,189490,35,1.0,126210,103460,7060
family_3,family,2023-11,156705,45,0.76,76160,16255,10680
family_3,family,2023-12,92290,20,0.14,0,17000,2860
family_3,family,2024-01,76965,25,0.1231,4190,13625,6580
family_3,family,2024-02,99795,23,0.0593,15350,24195,1150
family_3,family,2024-03,96470,28,0.2176,6610,8370,1450
family_3,family,2024-04,93930,27,0.2146,11680,26860,4940
family_3,family,2024-05,103580,27,0.1167,8110,8900,3200
family_3,family,2024-06,68745,20,0.0258,0,2135,6870
family_3,family,2024-07,109420,23,0.0129,0,19530,7050
family_3,family,2024-08,132690,31,0.2025,22880,20210,450
family_3,family,2024-09,83440,27,0.2475,6170,4780,3650
family_3,family,2024-10,213075,44,1.28,139260,13230,4905
family_3,family,2024-11,146140,38,0.48,68570,17280,1650
family_3,family,2024-12,58995,21,0.14,0,7685,0
family_3,family,2025-01,108125,26,0.1234,9130,15220,2455
family_3,family,2025-02,97490,28,0.1086,15720,10000,60
family_3,family,2025-03,89190,27,0.1679,4000,6720,8480
family_3,family,2025-04,124980,34,0.2746,33120,6250,5240
family_3,family,2025-05,97725,22,0.0567,0,15750,4500
family_3,family,2025-06,98810,23,0.0258,0,26990,2260
family_3,family,2025-07,101180,24,0.0129,0,17410,3300
family_3,family,2025-08,146610,38,0.45,60430,18870,13090
family_3,family,2025-09,149030,37,0.6,71050,47740,5390
family_3,family,2025-10,185240,47,1.1,106620,39900,6140
family_3,family,2025-11,91985,26,0.06,15520,8640,1705
family_3,family,2025-12,104220,23,0.14,0,13860,1070
family_3,family,2026-01,115290,31,0.1234,32590,19930,4350
family_3,family,2026-02,135930,29,0.1461,12770,18130,2000
family_3,family,2026-03,85110,30,0.1304,16850,18210,8450
family_3,family,2026-04,126095,29,0.2746,19420,5525,5830
family_3,family,2026-05,103960,23,0.0567,0,11240,120
family_3,family,2026-06,73720,21,0.0258,0,13640,0
family_3,family,2026-07,115760,23,0.0129,0,20960,890
family_3,family,2026-08,97670,25,0.08,4620,4800,2870
family_3,family,2026-09,119160,34,0.37,36110,7005,4345
student_home_1,college,2023-10,131015,31,1.0,99510,73445,9680
student_home_1,college,2023-11,68440,29,0.76,21420,3700,7110
student_home_1,college,2023-12,46430,23,0.14,18570,19550,7900
student_home_1,college,2024-01,29270,20,0.1231,3540,14120,3670
student_home_1,college,2024-02,120230,25,0.0593,9220,3980,2960
student_home_1,college,2024-03,38515,24,0.2176,4230,2290,5325
student_home_1,college,2024-04,41165,23,0.2146,19320,12200,6685
student_home_1,college,2024-05,38305,21,0.1167,7610,7885,10700
student_home_1,college,2024-06,30130,15,0.0258,0,9570,2770
student_home_1,college,2024-07,41320,15,0.0129,0,4930,3470
student_home_1,college,2024-08,127230,26,0.2025,14180,7870,6890
student_home_1,college,2024-09,55195,24,0.2475,12450,11910,8525
student_home_1,college,2024-10,196830,30,1.28,94950,50860,3790
student_home_1,college,2024-11,41660,22,0.48,11400,1950,6080
student_home_1,college,2024-12,68890,24,0.14,22450,14360,5750
student_home_1,college,2025-01,105180,20,0.1234,5600,5590,9840
student_home_1,college,2025-02,145615,23,0.1086,14230,4710,5175
student_home_1,college,2025-03,22785,20,0.1679,1290,7275,4100
student_home_1,college,2025-04,46550,27,0.2746,21150,12725,10115
student_home_1,college,2025-05,16770,19,0.0567,670,2130,5340
student_home_1,college,2025-06,34325,17,0.0258,0,7985,5210
student_home_1,college,2025-07,38010,16,0.0129,0,4330,4390
student_home_1,college,2025-08,111695,30,0.45,21670,21940,4025
student_home_1,college,2025-09,57220,27,0.6,35240,36550,4220
student_home_1,college,2025-10,139655,29,1.1,24370,17430,2345
student_home_1,college,2025-11,50620,22,0.06,10550,9780,4730
student_home_1,college,2025-12,67495,22,0.14,9080,8530,8325
student_home_1,college,2026-01,41145,24,0.1234,11440,10190,7005
student_home_1,college,2026-02,122475,25,0.1461,19140,10875,3320
student_home_1,college,2026-03,56710,20,0.1304,1960,7645,5275
student_home_1,college,2026-04,57730,27,0.2746,7430,7420,7650
student_home_1,college,2026-05,54360,22,0.0567,8100,5170,10970
student_home_1,college,2026-06,40525,17,0.0258,0,3420,5635
student_home_1,college,2026-07,60620,17,0.0129,0,7000,6830
student_home_1,college,2026-08,124130,25,0.08,3910,6220,7760
student_home_1,college,2026-09,47370,26,0.37,12240,19280,5250
student_home_2,college,2023-10,91860,30,1.0,51000,29740,10500
student_home_2,college,2023-11,77730,28,0.76,40970,1385,12105
student_home_2,college,2023-12,95070,34,0.14,55270,20910,4180
student_home_2,college,2024-01,75120,24,0.1231,15470,7680,4750
student_home_2,college,2024-02,146745,23,0.0593,2650,1150,2515
student_home_2,college,2024-03,33390,22,0.2176,450,10710,4395
student_home_2,college,2024-04,49730,23,0.2146,4330,11465,3835
student_home_2,college,2024-05,93540,25,0.1167,9480,4860,2700
student_home_2,college,2024-06,26945,19,0.0258,0,10080,2995
student_home_2,college,2024-07,29450,17,0.0129,0,1290,5100
student_home_2,college,2024-08,114705,21,0.2025,0,15700,1495
student_home_2,college,2024-09,36055,21,0.2475,4850,4150,3975
student_home_2,college,2024-10,95130,30,1.28,53060,37370,5040
student_home_2,college,2024-11,53530,25,0.48,14750,8850,3600
student_home_2,college,2024-12,134580,33,0.14,52220,16080,11160
student_home_2,college,2025-01,36480,20,0.1234,6550,6690,8610
student_home_2,college,2025-02,118790,24,0.1086,6740,9100,7840
student_home_2,college,2025-03,25895,21,0.1679,3080,5990,3745
student_home_2,college,2025-04,43745,21,0.2746,7550,17480,5685
student_home_2,college,2025-05,200190,22,0.0567,5230,1890,3800
student_home_2,college,2025-06,27795,19,0.0258,0,4995,2200
student_home_2,college,2025-07,26755,18,0.0129,0,2895,1590
student_home_2,college,2025-08,130245,21,0.45,1110,6020,1575
student_home_2,college,2025-09,65920,27,0.6,20450,16260,7670
student_home_2,college,2025-10,131920,29,1.1,35750,23800,3610
student_home_2,college,2025-11,43760,24,0.06,11750,1710,5900
student_home_2,college,2025-12,61990,31,0.14,27830,35995,2225
student_home_2,college,2026-01,46260,27,0.1234,6090,11130,8680
student_home_2,college,2026-02,107340,23,0.1461,3150,11280,3600
student_home_2,college,2026-03,69320,22,0.1304,1330,25500,6170
student_home_2,college,2026-04,38505,28,0.2746,8030,2505,12030
student_home_2,college,2026-05,62450,21,0.0567,3920,3380,2930
student_home_2,college,2026-06,37410,17,0.0258,0,6750,4530
student_home_2,college,2026-07,19570,17,0.0129,0,3820,2640
student_home_2,college,2026-08,83310,22,0.08,0,1675,6865
student_home_2,college,2026-09,32810,22,0.37,4840,3850,1020
student_home_3,college,2023-10,45145,23,1.0,12700,2030,6580
student_home_3,college,2023-11,61045,22,0.76,4720,1265,5670
student_home_3,college,2023-12,43040,25,0.14,15800,3580,5770
student_home_3,college,2024-01,52850,22,0.1231,14800,8250,4070
student_home_3,college,2024-02,219100,23,0.0593,1800,1050,5480
student_home_3,college,2024-03,24920,21,0.2176,860,4550,3870
student_home_3,college,2024-04,53790,25,0.2146,24850,15730,1580
student_home_3,college,2024-05,46680,25,0.1167,13850,10330,3430
student_home_3,college,2024-06,48120,20,0.0258,11750,18740,3210
student_home_3,college,2024-07,47120,18,0.0129,0,8060,5390
student_home_3,college,2024-08,125770,20,0.2025,0,9760,4400
student_home_3,college,2024-09,55840,22,0.2475,3240,5170,1650
student_home_3,college,2024-10,52770,24,1.28,4290,10790,7610
student_home_3,college,2024-11,49040,24,0.48,9360,14220,7100
student_home_3,college,2024-12,149790,24,0.14,15250,7500,7280
student_home_3,college,2025-01,51750,26,0.1234,13850,16430,2660
student_home_3,college,2025-02,171545,23,0.1086,4070,7595,3740
student_home_3,college,2025-03,100195,28,0.1679,29640,20830,3465
student_home_3,college,2025-04,87600,24,0.2746,6180,9050,2180
student_home_3,college,2025-05,116020,22,0.0567,3620,4760,4150
student_home_3,college,2025-06,144060,20,0.0258,21200,21450,5640
student_home_3,college,2025-07,46180,18,0.0129,0,8370,7830
student_home_3,college,2025-08,154475,22,0.45,4700,7245,3560
student_home_3,college,2025-09,57215,23,0.6,17800,17435,7500
student_home_3,college,2025-10,54390,24,1.1,5960,3490,8660
student_home_3,college,2025-11,41245,22,0.06,7950,11250,2755
student_home_3,college,2025-12,69000,28,0.14,20950,14090,7440
student_home_3,college,2026-01,44865,28,0.1234,17470,7280,3295
student_home_3,college,2026-02,190120,26,0.1461,11730,11860,3550
student_home_3,college,2026-03,53650,27,0.1304,8740,18690,6640
student_home_3,college,2026-04,93295,24,0.2746,7260,7355,3360
student_home_3,college,2026-05,83040,24,0.0567,19350,25610,4500
student_home_3,college,2026-06,43320,20,0.0258,0,12450,4730
student_home_3,college,2026-07,59325,18,0.0129,0,6450,2635
student_home_3,college,2026-08,133170,22,0.08,0,3160,3530
student_home_3,college,2026-09,46390,24,0.37,2550,10800,2930
student_hostel_1,roommates,2023-10,157280,27,1.0,24300,15220,12300
student_hostel_1,roommates,2023-11,53275,29,0.76,16320,21410,5295
student_hostel_1,roommates,2023-12,178435,25,0.14,8350,18450,75
student_hostel_1,roommates,2024-01,79515,29,0.1231,16900,30220,7055
student_hostel_1,roommates,2024-02,124945,26,0.0593,1640,12120,1845
student_hostel_1,roommates,2024-03,43965,27,0.2176,2270,22690,4635
student_hostel_1,roommates,2024-04,89100,29,0.2146,26310,48310,9850
student_hostel_1,roommates,2024-05,79490,25,0.1167,6600,13530,14550
student_hostel_1,roommates,2024-06,297830,19,0.0258,0,4360,3590
student_hostel_1,roommates,2024-07,72890,21,0.0129,0,8150,1320
student_hostel_1,roommates,2024-08,177400,28,0.2025,12710,42420,4710
student_hostel_1,roommates,2024-09,107580,26,0.2475,7340,41110,1850
student_hostel_1,roommates,2024-10,132000,32,1.28,59350,56680,10290
student_hostel_1,roommates,2024-11,51450,26,0.48,12960,5730,10470
student_hostel_1,roommates,2024-12,73210,26,0.14,20250,10440,2660
student_hostel_1,roommates,2025-01,70125,29,0.1234,23030,29240,3335
student_hostel_1,roommates,2025-02,260920,29,0.1086,21320,7660,13950
student_hostel_1,roommates,2025-03,65435,24,0.1679,6160,25290,6015
student_hostel_1,roommates,2025-04,84620,28,0.2746,28350,24920,4740
student_hostel_1,roommates,2025-05,92560,21,0.0567,0,9010,13070
student_hostel_1,roommates,2025-06,59130,20,0.0258,0,21530,5890
student_hostel_1,roommates,2025-07,47790,21,0.0129,0,7740,3580
student_hostel_1,roommates,2025-08,180460,33,0.45,49460,54740,1650
student_hostel_1,roommates,2025-09,176195,30,0.6,70800,28590,14305
student_hostel_1,roommates,2025-10,204580,28,1.1,35770,21610,990
student_hostel_1,roommates,2025-11,61120,23,0.06,1990,8610,20330
student_hostel_1,roommates,2025-12,90675,27,0.14,18900,10980,935
student_hostel_1,roommates,2026-01,98450,32,0.1234,47500,22990,14320
student_hostel_1,roommates,2026-02,125650,25,0.1461,4800,8070,6830
student_hostel_1,roommates,2026-03,45640,22,0.1304,2200,10050,6740
student_hostel_1,roommates,2026-04,69055,28,0.2746,23330,16560,9940
student_hostel_1,roommates,2026-05,47235,22,0.0567,0,7750,11200
student_hostel_1,roommates,2026-06,40490,19,0.0258,0,6320,4660
student_hostel_1,roommates,2026-07,167930,20,0.0129,0,8510,7390
student_hostel_1,roommates,2026-08,166540,27,0.08,9000,6390,11280
student_hostel_1,roommates,2026-09,68750,29,0.37,20430,14270,8750
student_hostel_2,roommates,2023-10,45020,28,1.0,16750,12460,2480
student_hostel_2,roommates,2023-11,50740,29,0.76,8910,15945,2665
student_hostel_2,roommates,2023-12,54945,27,0.14,22350,7750,5475
student_hostel_2,roommates,2024-01,49490,29,0.1231,10950,9315,4940
student_hostel_2,roommates,2024-02,121710,30,0.0593,10750,10490,5010
student_hostel_2,roommates,2024-03,45490,24,0.2176,1170,17610,1700
student_hostel_2,roommates,2024-04,40720,27,0.2146,6480,13580,4970
student_hostel_2,roommates,2024-05,30875,28,0.1167,4950,3510,7165
student_hostel_2,roommates,2024-06,29710,22,0.0258,0,8480,4630
student_hostel_2,roommates,2024-07,42365,24,0.0129,4970,11210,3895
student_hostel_2,roommates,2024-08,110020,23,0.2025,0,7480,3710
student_hostel_2,roommates,2024-09,39065,26,0.2475,3910,5040,4155
student_hostel_2,roommates,2024-10,87950,36,1.28,46010,37960,6890
student_hostel_2,roommates,2024-11,70190,27,0.48,26200,10600,3910
student_hostel_2,roommates,2024-12,53560,28,0.14,7700,7280,710
student_hostel_2,roommates,2025-01,67625,33,0.1234,23650,18515,2140
student_hostel_2,roommates,2025-02,126515,29,0.1086,7590,4735,320
student_hostel_2,roommates,2025-03,47850,24,0.1679,1030,8115,135
student_hostel_2,roommates,2025-04,47750,27,0.2746,6310,7200,9970
student_hostel_2,roommates,2025-05,42160,28,0.0567,9700,16110,1005
student_hostel_2,roommates,2025-06,59410,20,0.0258,0,5720,50
student_hostel_2,roommates,2025-07,50860,24,0.0129,3610,6460,5470
student_hostel_2,roommates,2025-08,149410,27,0.45,4400,11210,530
student_hostel_2,roommates,2025-09,152530,33,0.6,32190,37450,9430
student_hostel_2,roommates,2025-10,81165,34,1.1,44990,21620,4165
student_hostel_2,roommates,2025-11,33845,26,0.06,3350,4535,3220
student_hostel_2,roommates,2025-12,59175,29,0.14,8300,8925,2650
student_hostel_2,roommates,2026-01,98370,32,0.1234,33630,36890,5470
student_hostel_2,roommates,2026-02,130655,31,0.1461,7120,6715,2570
student_hostel_2,roommates,2026-03,45770,27,0.1304,860,15515,1325
student_hostel_2,roommates,2026-04,76490,31,0.2746,9890,22980,2540
student_hostel_2,roommates,2026-05,65360,29,0.0567,1480,8805,3490
student_hostel_2,roommates,2026-06,67745,23,0.0258,0,10010,985
student_hostel_2,roommates,2026-07,51555,25,0.0129,4100,5240,6445
student_hostel_2,roommates,2026-08,238290,28,0.08,0,26000,0
student_hostel_2,roommates,2026-09,58590,28,0.37,3850,22090,2050
student_hostel_3,roommates,2023-10,53240,27,1.0,14740,17360,7740
student_hostel_3,roommates,2023-11,50735,27,0.76,9460,11050,5855
student_hostel_3,roommates,2023-12,100860,26,0.14,20080,29590,480
student_hostel_3,roommates,2024-01,168965,22,0.1231,4450,9610,3625
student_hostel_3,roommates,2024-02,193900,26,0.0593,19230,8590,10160
student_hostel_3,roommates,2024-03,42995,24,0.2176,2240,9720,11940
student_hostel_3,roommates,2024-04,52615,26,0.2146,10950,12130,4455
student_hostel_3,roommates,2024-05,36365,24,0.1167,2940,6285,10750
student_hostel_3,roommates,2024-06,53645,19,0.0258,0,12800,3945
student_hostel_3,roommates,2024-07,43885,19,0.0129,0,6915,1230
student_hostel_3,roommates,2024-08,127525,24,0.2025,6000,4820,3045
student_hostel_3,roommates,2024-09,44060,24,0.2475,5510,6950,7650
student_hostel_3,roommates,2024-10,72240,30,1.28,20560,15470,5390
student_hostel_3,roommates,2024-11,90170,27,0.48,19930,9400,12080
student_hostel_3,roommates,2024-12,100890,29,0.14,29750,20340,12850
student_hostel_3,roommates,2025-01,69385,24,0.1234,27800,4555,3270
student_hostel_3,roommates,2025-02,158290,25,0.1086,7920,21330,3510
student_hostel_3,roommates,2025-03,37210,23,0.1679,1900,17000,2070
student_hostel_3,roommates,2025-04,55280,25,0.2746,21480,19870,3600
student_hostel_3,roommates,2025-05,31140,21,0.0567,2000,11630,6560
student_hostel_3,roommates,2025-06,17710,18,0.0258,0,3210,790
student_hostel_3,roommates,2025-07,37400,19,0.0129,0,3050,1600
student_hostel_3,roommates,2025-08,127400,27,0.45,6870,11480,2380
student_hostel_3,roommates,2025-09,63080,25,0.6,19220,10500,1420
student_hostel_3,roommates,2025-10,180010,29,1.1,39390,26500,4330
student_hostel_3,roommates,2025-11,60255,24,0.06,12730,10145,6980
student_hostel_3,roommates,2025-12,43425,26,0.14,18590,19140,3835
student_hostel_3,roommates,2026-01,64975,24,0.1234,10930,24740,4445
student_hostel_3,roommates,2026-02,157280,25,0.1461,23770,13980,1180
student_hostel_3,roommates,2026-03,26275,21,0.1304,1150,5820,4740
student_hostel_3,roommates,2026-04,81075,27,0.2746,26380,11300,4025
student_hostel_3,roommates,2026-05,44335,21,0.0567,0,4755,5090
student_hostel_3,roommates,2026-06,56310,19,0.0258,0,2480,4050
student_hostel_3,roommates,2026-07,32825,18,0.0129,0,3600,755
student_hostel_3,roommates,2026-08,140680,25,0.08,1520,11970,0
student_hostel_3,roommates,2026-09,48860,25,0.37,14640,25880,4280
trip_group_1,trip,2023-10,33785,15,1.0,0,4380,5225
trip_group_1,trip,2023-11,22720,11,0.76,0,17090,1290
trip_group_1,trip,2023-12,20770,11,0.14,0,120,5780
trip_group_1,trip,2024-01,13540,5,0.1231,0,8310,0
trip_group_1,trip,2024-02,11250,6,0.0593,0,650,1850
trip_group_1,trip,2024-03,32940,13,0.2176,0,19040,1370
trip_group_1,trip,2024-04,51260,15,0.2146,0,12800,1570
trip_group_1,trip,2024-05,18530,6,0.1167,0,780,4800
trip_group_1,trip,2024-06,7680,6,0.0258,0,540,2100
trip_group_1,trip,2024-07,23570,6,0.0129,0,720,3650
trip_group_1,trip,2024-08,14560,5,0.2025,0,460,0
trip_group_1,trip,2024-09,14100,5,0.2475,0,3080,0
trip_group_1,trip,2024-10,48420,15,1.28,0,1340,4580
trip_group_1,trip,2024-11,49830,12,0.48,0,80,1590
trip_group_1,trip,2024-12,7850,12,0.14,0,1250,1230
trip_group_1,trip,2025-01,40050,5,0.1234,0,9000,0
trip_group_1,trip,2025-02,9350,6,0.1086,0,410,990
trip_group_1,trip,2025-03,23420,13,0.1679,0,2670,3490
trip_group_1,trip,2025-04,60410,17,0.2746,0,9300,2250
trip_group_1,trip,2025-05,11390,6,0.0567,0,2450,0
trip_group_1,trip,2025-06,12215,6,0.0258,0,2100,1375
trip_group_1,trip,2025-07,24835,6,0.0129,0,690,2945
trip_group_1,trip,2025-08,15850,6,0.45,0,8360,0
trip_group_1,trip,2025-09,35850,6,0.6,0,500,2400
trip_group_1,trip,2025-10,31790,16,1.1,0,9095,4695
trip_group_1,trip,2025-11,36450,14,0.06,0,3410,3940
trip_group_1,trip,2025-12,21330,13,0.14,0,4730,2370
trip_group_1,trip,2026-01,24635,6,0.1234,0,0,935
trip_group_1,trip,2026-02,11280,6,0.1461,0,390,3320
trip_group_1,trip,2026-03,20940,15,0.1304,0,3820,4260
trip_group_1,trip,2026-04,31350,15,0.2746,0,1620,6860
trip_group_1,trip,2026-05,21570,7,0.0567,0,0,5220
trip_group_1,trip,2026-06,26200,7,0.0258,0,6260,4690
trip_group_1,trip,2026-07,11650,7,0.0129,0,1650,400
trip_group_1,trip,2026-08,20115,6,0.08,0,570,3595
trip_group_1,trip,2026-09,46110,6,0.37,0,1700,2160
trip_group_2,trip,2023-10,57285,19,1.0,0,4650,45
trip_group_2,trip,2023-11,34535,16,0.76,0,3640,6345
trip_group_2,trip,2023-12,33850,14,0.14,0,6390,2850
trip_group_2,trip,2024-01,10525,7,0.1231,0,2500,2335
trip_group_2,trip,2024-02,19080,7,0.0593,0,2270,1280
trip_group_2,trip,2024-03,21180,15,0.2176,0,6150,1680
trip_group_2,trip,2024-04,65885,20,0.2146,0,1450,4225
trip_group_2,trip,2024-05,22180,7,0.1167,0,1530,750
trip_group_2,trip,2024-06,8480,7,0.0258,0,730,240
trip_group_2,trip,2024-07,21710,7,0.0129,0,270,5290
trip_group_2,trip,2024-08,20100,7,0.2025,0,7380,4240
trip_group_2,trip,2024-09,13790,7,0.2475,0,1280,4560
trip_group_2,trip,2024-10,49660,20,1.28,0,5990,1070
trip_group_2,trip,2024-11,49390,16,0.48,0,1480,1060
trip_group_2,trip,2024-12,16375,14,0.14,0,2450,380
trip_group_2,trip,2025-01,18140,8,0.1234,0,900,2740
trip_group_2,trip,2025-02,8750,8,0.1086,0,220,2420
trip_group_2,trip,2025-03,32550,16,0.1679,0,2770,2090
trip_group_2,trip,2025-04,41315,20,0.2746,0,2140,7180
trip_group_2,trip,2025-05,9170,8,0.0567,0,6490,1330
trip_group_2,trip,2025-06,44515,8,0.0258,0,0,1815
trip_group_2,trip,2025-07,22010,8,0.0129,0,1680,2100
trip_group_2,trip,2025-08,32035,7,0.45,0,8650,2605
trip_group_2,trip,2025-09,15920,8,0.6,0,3290,4710
trip_group_2,trip,2025-10,78800,24,1.1,0,3390,10290
trip_group_2,trip,2025-11,41855,16,0.06,0,810,2085
trip_group_2,trip,2025-12,38130,15,0.14,0,3190,4830
trip_group_2,trip,2026-01,39180,8,0.1234,0,7560,130
trip_group_2,trip,2026-02,21450,8,0.1461,0,3190,510
trip_group_2,trip,2026-03,62520,19,0.1304,0,2380,4350
trip_group_2,trip,2026-04,68665,23,0.2746,0,15535,13490
trip_group_2,trip,2026-05,13380,8,0.0567,0,2280,190
trip_group_2,trip,2026-06,13885,8,0.0258,0,2565,6660
trip_group_2,trip,2026-07,20625,8,0.0129,0,530,555
trip_group_2,trip,2026-08,17020,8,0.08,0,1210,620
trip_group_2,trip,2026-09,10315,8,0.37,0,1250,1695
trip_group_3,trip,2023-10,34060,25,1.0,0,2080,6950
trip_group_3,trip,2023-11,34040,18,0.76,0,1140,2420
trip_group_3,trip,2023-12,19540,15,0.14,0,7425,4665
trip_group_3,trip,2024-01,14575,8,0.1231,0,7715,510
trip_group_3,trip,2024-02,4655,7,0.0593,0,365,730
trip_group_3,trip,2024-03,30205,18,0.2176,0,985,4750
trip_group_3,trip,2024-04,35895,22,0.2146,0,5565,1950
trip_group_3,trip,2024-05,14670,8,0.1167,0,800,1150
trip_group_3,trip,2024-06,14950,8,0.0258,0,1200,5740
trip_group_3,trip,2024-07,6060,8,0.0129,0,5105,25
trip_group_3,trip,2024-08,11190,8,0.2025,0,3460,0
trip_group_3,trip,2024-09,19890,8,0.2475,0,0,1100
trip_group_3,trip,2024-10,49000,23,1.28,0,1160,5960
trip_group_3,trip,2024-11,24470,16,0.48,0,4360,2090
trip_group_3,trip,2024-12,28440,16,0.14,0,810,2630
trip_group_3,trip,2025-01,11290,8,0.1234,0,0,1310
trip_group_3,trip,2025-02,19360,7,0.1086,0,2890,0
trip_group_3,trip,2025-03,17915,17,0.1679,0,755,3870
trip_group_3,trip,2025-04,26105,21,0.2746,0,5135,2420
trip_group_3,trip,2025-05,11415,8,0.0567,0,280,945
trip_group_3,trip,2025-06,14690,7,0.0258,0,80,2680
trip_group_3,trip,2025-07,6510,8,0.0129,0,1800,3320
trip_group_3,trip,2025-08,8450,8,0.45,0,690,2300
trip_group_3,trip,2025-09,15820,7,0.6,0,1980,800
trip_group_3,trip,2025-10,25320,23,1.1,0,4160,3000
trip_group_3,trip,2025-11,23195,16,0.06,0,640,4405
trip_group_3,trip,2025-12,15930,16,0.14,0,6785,2785
trip_group_3,trip,2026-01,19190,7,0.1234,0,4150,0
trip_group_3,trip,2026-02,19975,8,0.1461,0,3535,290
trip_group_3,trip,2026-03,31050,18,0.1304,0,530,5640
trip_group_3,trip,2026-04,26320,20,0.2746,0,10040,1700
trip_group_3,trip,2026-05,8690,7,0.0567,0,450,1090
trip_group_3,trip,2026-06,7430,7,0.0258,0,0,830
trip_group_3,trip,2026-07,3615,7,0.0129,0,2445,30
trip_group_3,trip,2026-08,6525,7,0.08,0,905,3370
trip_group_3,trip,2026-09,12280,7,0.37,0,2530,0
working_bachelor_1,roommates,2023-10,98665,34,1.0,45590,37795,3540
working_bachelor_1,roommates,2023-11,68580,32,0.76,13150,6415,1875
working_bachelor_1,roommates,2023-12,78020,26,0.14,13950,14620,1140
working_bachelor_1,roommates,2024-01,70995,28,0.1231,16320,7135,8160
working_bachelor_1,roommates,2024-02,52935,25,0.0593,9560,2730,6215
working_bachelor_1,roommates,2024-03,52520,29,0.2176,10550,4170,5640
working_bachelor_1,roommates,2024-04,74600,26,0.2146,5350,17950,7480
working_bachelor_1,roommates,2024-05,79410,30,0.1167,10210,17860,5400
working_bachelor_1,roommates,2024-06,58885,24,0.0258,0,13450,1035
working_bachelor_1,roommates,2024-07,54240,25,0.0129,0,6820,1900
working_bachelor_1,roommates,2024-08,35010,25,0.2025,0,7680,4010
working_bachelor_1,roommates,2024-09,80875,31,0.2475,20380,32470,1680
working_bachelor_1,roommates,2024-10,93420,37,1.28,35780,27630,11830
working_bachelor_1,roommates,2024-11,69865,26,0.48,5750,3755,5760
working_bachelor_1,roommates,2024-12,75450,27,0.14,18150,21480,1530
working_bachelor_1,roommates,2025-01,74620,29,0.1234,21570,10330,2930
working_bachelor_1,roommates,2025-02,83550,30,0.1086,19600,18360,2640
working_bachelor_1,roommates,2025-03,55250,26,0.1679,1510,5390,8420
working_bachelor_1,roommates,2025-04,69800,28,0.2746,9340,7840,7690
working_bachelor_1,roommates,2025-05,97525,30,0.0567,5140,17655,7650
working_bachelor_1,roommates,2025-06,125160,24,0.0258,0,10160,1870
working_bachelor_1,roommates,2025-07,71850,28,0.0129,0,5720,5580
working_bachelor_1,roommates,2025-08,68965,26,0.45,6460,9125,4480
working_bachelor_1,roommates,2025-09,110450,34,0.6,48500,46460,15610
working_bachelor_1,roommates,2025-10,110190,32,1.1,10280,10600,2200
working_bachelor_1,roommates,2025-11,91080,31,0.06,26640,12310,3790
working_bachelor_1,roommates,2025-12,98280,29,0.14,16950,9070,2310
working_bachelor_1,roommates,2026-01,82690,31,0.1234,18330,11570,5750
working_bachelor_1,roommates,2026-02,86070,32,0.1461,30010,23140,5640
working_bachelor_1,roommates,2026-03,110785,29,0.1304,190,25420,25
working_bachelor_1,roommates,2026-04,57465,29,0.2746,9110,4260,6075
working_bachelor_1,roommates,2026-05,78085,32,0.0567,12170,10740,3355
working_bachelor_1,roommates,2026-06,67200,25,0.0258,0,3390,2760
working_bachelor_1,roommates,2026-07,85130,28,0.0129,0,8010,15050
working_bachelor_1,roommates,2026-08,48685,28,0.08,0,3920,5715
working_bachelor_1,roommates,2026-09,87490,32,0.37,17630,22530,600
working_bachelor_2,roommates,2023-10,57930,19,1.0,4480,4190,11850
working_bachelor_2,roommates,2023-11,58770,22,0.76,22530,10470,7690
working_bachelor_2,roommates,2023-12,58165,20,0.14,18800,5420,2245
working_bachelor_2,roommates,2024-01,56825,21,0.1231,20550,8490,495
working_bachelor_2,roommates,2024-02,98820,18,0.0593,17900,10580,2920
working_bachelor_2,roommates,2024-03,60430,20,0.2176,2500,9860,7170
working_bachelor_2,roommates,2024-04,62900,20,0.2146,13170,16390,4570
working_bachelor_2,roommates,2024-05,49190,21,0.1167,3330,4980,4910
working_bachelor_2,roommates,2024-06,64870,18,0.0258,9350,15240,0
working_bachelor_2,roommates,2024-07,81860,18,0.0129,0,19390,1970
working_bachelor_2,roommates,2024-08,53360,16,0.2025,0,4740,7190
working_bachelor_2,roommates,2024-09,192640,19,0.2475,3540,23810,2420
working_bachelor_2,roommates,2024-10,100640,21,1.28,29150,23340,8710
working_bachelor_2,roommates,2024-11,64050,21,0.48,12250,10840,6440
working_bachelor_2,roommates,2024-12,68185,19,0.14,18750,16240,775
working_bachelor_2,roommates,2025-01,93160,22,0.1234,51350,18330,230
working_bachelor_2,roommates,2025-02,60435,19,0.1086,12150,8460,0
working_bachelor_2,roommates,2025-03,51500,20,0.1679,11740,11990,8930
working_bachelor_2,roommates,2025-04,64010,21,0.2746,8490,24510,8890
working_bachelor_2,roommates,2025-05,61660,22,0.0567,21600,14710,1290
working_bachelor_2,roommates,2025-06,53985,20,0.0258,12700,18925,0
working_bachelor_2,roommates,2025-07,58325,17,0.0129,0,23850,35
working_bachelor_2,roommates,2025-08,63725,18,0.45,6310,14150,890
working_bachelor_2,roommates,2025-09,68170,19,0.6,1520,4010,3450
working_bachelor_2,roommates,2025-10,68800,19,1.1,5950,5910,1950
working_bachelor_2,roommates,2025-11,269400,21,0.06,20700,3400,6600
working_bachelor_2,roommates,2025-12,79275,22,0.14,29250,2660,355
working_bachelor_2,roommates,2026-01,93435,23,0.1234,36760,22710,6845
working_bachelor_2,roommates,2026-02,88230,20,0.1461,12650,4300,2900
working_bachelor_2,roommates,2026-03,53100,21,0.1304,4450,11010,9390
working_bachelor_2,roommates,2026-04,71810,21,0.2746,13290,3030,6990
working_bachelor_2,roommates,2026-05,99985,21,0.0567,21350,25570,10255
working_bachelor_2,roommates,2026-06,71810,20,0.0258,12690,10810,6820
working_bachelor_2,roommates,2026-07,72320,17,0.0129,0,1420,7460
working_bachelor_2,roommates,2026-08,62270,16,0.08,0,2680,2020
working_bachelor_2,roommates,2026-09,52580,19,0.37,4900,5680,8740
working_bachelor_3,roommates,2023-10,180115,33,1.0,51550,49730,10575
working_bachelor_3,roommates,2023-11,111640,35,0.76,42420,32550,2650
working_bachelor_3,roommates,2023-12,92105,27,0.14,7800,4430,405
working_bachelor_3,roommates,2024-01,112510,28,0.1231,6600,5930,2400
working_bachelor_3,roommates,2024-02,70730,25,0.0593,4200,14260,9800
working_bachelor_3,roommates,2024-03,107360,32,0.2176,9490,24050,3880
working_bachelor_3,roommates,2024-04,113290,29,0.2146,12690,15080,14280
working_bachelor_3,roommates,2024-05,98430,25,0.1167,3860,3150,1110
working_bachelor_3,roommates,2024-06,89405,24,0.0258,0,4330,7595
working_bachelor_3,roommates,2024-07,73710,27,0.0129,3430,6080,9150
working_bachelor_3,roommates,2024-08,124980,26,0.2025,8360,28610,940
working_bachelor_3,roommates,2024-09,120210,28,0.2475,31040,12270,4200
working_bachelor_3,roommates,2024-10,116005,34,1.28,51770,41500,16835
working_bachelor_3,roommates,2024-11,92760,26,0.48,21850,9080,13450
working_bachelor_3,roommates,2024-12,81355,30,0.14,28100,12925,5190
working_bachelor_3,roommates,2025-01,102430,31,0.1234,44080,22150,7680
working_bachelor_3,roommates,2025-02,129580,26,0.1086,410,12670,18850
working_bachelor_3,roommates,2025-03,137340,30,0.1679,33790,61720,0
working_bachelor_3,roommates,2025-04,119420,28,0.2746,15080,24160,6900
working_bachelor_3,roommates,2025-05,96680,24,0.0567,0,1470,9110
working_bachelor_3,roommates,2025-06,102330,23,0.0258,0,14670,2780
working_bachelor_3,roommates,2025-07,90055,26,0.0129,7810,33740,5795
working_bachelor_3,roommates,2025-08,150575,33,0.45,18530,17250,12965
working_bachelor_3,roommates,2025-09,142355,31,0.6,67150,28470,9855
working_bachelor_3,roommates,2025-10,148640,33,1.1,54760,38680,10440
working_bachelor_3,roommates,2025-11,88990,27,0.06,15800,6570,10750
working_bachelor_3,roommates,2025-12,104200,27,0.14,36900,28080,6180
working_bachelor_3,roommates,2026-01,116210,30,0.1234,36950,16360,8710
working_bachelor_3,roommates,2026-02,91120,27,0.1461,16920,30420,230
working_bachelor_3,roommates,2026-03,114170,31,0.1304,22460,25390,150
working_bachelor_3,roommates,2026-04,99700,31,0.2746,23030,21180,4970
working_bachelor_3,roommates,2026-05,85540,27,0.0567,0,5000,6850
working_bachelor_3,roommates,2026-06,106150,26,0.0258,0,44330,2070
working_bachelor_3,roommates,2026-07,95320,27,0.0129,13700,28030,2580
working_bachelor_3,roommates,2026-08,84880,28,0.08,6010,28100,0
working_bachelor_3,roommates,2026-09,143600,35,0.37,46310,22860,10630
